排名,升/降,学校名称,英文名称,省市,类型,总分,办学层次,学科水平,办学资源,师资规模与结构,人才培养,科学研究,服务社会,学术人才,重大项目与成果,国际竞争力
1,0,清华大学,Tsinghua University,北京,综合,969.2,37.9,74.3,39.4,48.7,343.0,88.0,37.9,90.8,129.1,80.1
2,0,北京大学,Peking University,北京,综合,855.3,36.1,72.9,25.9,49.2,315.7,88.0,12.8,92.6,102.9,59.2
3,0,浙江大学,Zhejiang University,浙江,综合,768.7,34.3,65.4,21.8,47.7,285.7,91.4,32.2,67.7,79.4,42.9
4,0,上海交通大学,Shanghai Jiao Tong University,上海,综合,723.4,35.5,53.1,21.6,44.9,260.0,98.2,18.8,65.1,86.8,39.2
5,0,南京大学,Nanjing University,江苏,综合,654.8,35.1,47.9,10.8,48.1,272.0,72.4,4.9,61.2,72.0,30.4
6,0,复旦大学,Fudan University,上海,综合,649.7,36.6,48.4,16.6,46.2,255.8,78.6,4.8,65.0,60.1,37.6
7,0,中国科学技术大学,University of Science and Technology of China,安徽,理工,577,40.0,37.7,11.9,45.9,232.1,61.4,0.8,58.6,46.6,42.1
8,0,华中科技大学,Huazhong University of Science and Technology,湖北,综合,574.3,32.1,44.7,11.3,45.2,232.2,74.2,22.9,35.2,45.2,31.3
9,0,武汉大学,Wuhan University,湖北,综合,567.9,31.8,49.6,10.4,45.7,255.4,61.7,9.5,35.0,43.0,25.7
10,1,西安交通大学,Xi'an Jiaotong University,陕西,综合,537.9,34.5,40.3,11.2,44.1,243.7,56.9,10.0,26.2,46.5,24.6
11,1,哈尔滨工业大学,Harbin Institute of Technology,黑龙江,理工,522.6,32.7,37.7,5.8,47.0,228.7,51.9,33.5,23.7,35.8,25.8
12,-2,中山大学,Sun Yat-Sen University,广东,综合,519.3,30.9,46.7,13.7,48.3,194.6,74.0,8.4,37.8,31.4,33.3
13,1,北京师范大学,Beijing Normal University,北京,师范,518.3,34.8,42.3,13.4,47.6,215.1,47.4,16.1,33.2,39.0,29.4
14,2,四川大学,Sichuan University,四川,综合,516.6,30.7,46.0,9.2,43.0,217.0,64.7,19.7,28.0,35.4,23.1
15,-2,北京航空航天大学,Beihang University,北京,理工,513.8,32.8,33.9,11.1,42.6,221.4,46.1,20.7,26.7,54.7,23.8
16,-1,同济大学,Tongji University,上海,理工,508.3,33.2,40.3,12.2,43.9,221.0,58.9,12.5,29.1,35.0,22.1
17,0,东南大学,Southeast University,江苏,综合,488.1,34.3,37.7,12.4,44.5,223.0,44.8,9.1,20.1,36.2,25.8
18,0,中国人民大学,Renmin University of China,北京,综合,487.8,34.5,42.1,10.3,46.2,224.6,39.9,0.2,31.8,42.6,15.8
19,1,北京理工大学,Beijing Institute of Technology,北京,理工,474,32.3,30.6,11.3,43.8,206.4,37.9,28.0,19.2,40.5,24.0
20,-1,南开大学,Nankai University,天津,综合,465.3,31.5,35.2,9.2,45.5,216.0,44.3,2.4,29.1,27.3,24.9
21,1,山东大学,Shandong University,山东,综合,447,28.8,39.5,9.6,44.5,205.9,50.6,4.3,20.5,21.7,21.6
22,-1,天津大学,Tianjin University,天津,理工,444.3,32.7,33.5,8.5,45.2,198.1,45.0,13.4,22.7,23.4,21.8
23,3,中南大学,Central South University,湖南,综合,442.2,30.8,37.9,7.3,42.3,186.9,55.5,16.7,16.3,24.6,24.0
24,0,吉林大学,Jilin University,吉林,综合,435.7,30.4,42.2,9.0,50.5,203.0,46.8,4.1,13.6,17.2,18.8
25,3,西北工业大学,Northwestern Polytechnical University,陕西,理工,430.5,32.4,25.6,11.6,47.0,199.5,43.2,14.6,12.9,21.2,22.5
26,-3,厦门大学,Xiamen University,福建,综合,427.8,32.7,36.7,9.4,41.6,184.6,46.5,4.8,25.3,23.1,23.1
27,-2,华南理工大学,South China University of Technology,广东,理工,419.8,30.5,33.7,9.4,42.7,183.1,41.7,12.1,18.5,21.9,26.3
28,-1,大连理工大学,Dalian University of Technology,辽宁,理工,418.2,30.2,31.0,6.4,42.9,190.5,42.9,9.0,16.4,32.2,16.8
29,0,华东师范大学,East China Normal University,上海,师范,401.8,35.2,34.4,8.0,43.1,170.8,41.2,2.9,23.2,24.0,18.8
30,0,中国农业大学,China Agricultural University,北京,农业,400.4,31.8,34.7,7.8,45.0,161.1,38.4,6.6,22.2,34.9,18.0
31,1,电子科技大学,University of Electronic Science and Technology of China,四川,理工,398.8,32.4,24.2,7.4,40.8,196.0,29.7,4.4,17.0,20.5,26.5
32,-1,湖南大学,Hunan University,湖南,综合,393.5,31.4,29.4,5.8,39.5,176.6,35.7,9.3,16.8,22.6,26.4
33,0,北京科技大学,University of Science and Technology Beijing,北京,理工,379.4,32.2,23.8,6.1,41.0,180.5,34.1,13.9,12.1,19.0,16.8
34,0,重庆大学,Chongqing University,重庆,综合,365.5,29.9,30.9,7.3,40.6,165.3,38.8,10.6,10.8,13.6,17.7
35,0,南京航空航天大学,Nanjing University of Aeronautics and Astronautics,江苏,理工,358.6,28.6,22.9,3.3,40.3,185.7,28.0,11.3,10.9,13.7,13.9
36,1,东北大学,Northeastern University,辽宁,理工,356.1,32.2,26.0,5.8,38.1,172.8,32.3,11.5,10.1,14.9,12.3
37,-1,南京理工大学,Nanjing University of Science and Technology,江苏,理工,356,30.9,24.2,3.2,40.0,173.5,26.5,14.3,8.3,18.9,16.2
38,3,西安电子科技大学,Xidian University,陕西,理工,355.1,30.2,19.4,5.2,37.6,178.9,27.5,19.4,6.8,17.0,13.0
39,1,兰州大学,Lanzhou University,甘肃,综合,353.4,30.6,27.8,5.7,37.5,168.2,33.8,3.1,12.4,18.9,15.3
40,3,北京交通大学,Beijing jiaotong University,北京,理工,349.9,32.0,26.3,6.2,39.7,170.7,26.3,10.0,8.6,16.2,13.8
41,5,南方科技大学,Southern University of Science and Technology,广东,综合,345.8,28.9,9.5,19.5,46.7,127.9,36.1,5.2,44.8,8.5,18.6
42,-3,华中农业大学,Huazhong Agricultural University,湖北,农业,338.5,28.5,27.4,4.8,38.0,156.5,34.0,1.5,14.5,17.1,16.0
43,2,上海大学,Shanghai University,上海,综合,333,31.7,26.6,6.5,37.9,147.7,27.6,7.9,12.5,15.1,19.5
44,-6,苏州大学,Soochow University (China),江苏,综合,327,28.7,31.2,5.8,41.2,120.0,33.2,8.1,14.4,16.8,27.8
45,-3,华东理工大学,East China University of Science and Technology,上海,理工,324.5,29.7,20.2,5.5,39.3,149.8,29.7,7.5,13.1,13.6,16.0
46,-2,华中师范大学,Central China Normal University,湖北,师范,322,30.6,26.0,5.0,37.9,149.8,28.8,0.2,11.7,12.8,19.3
47,3,南京师范大学,Nanjing Normal University,江苏,师范,321.3,29.5,26.0,3.9,38.6,158.4,23.7,2.3,10.9,12.9,15.1
48,6,中国地质大学（武汉）,China University of Geosciences (Wuhan),湖北,理工,320.2,29.9,23.7,5.0,39.5,146.6,25.6,13.9,10.9,8.5,16.8
49,7,东北师范大学,Northeast Normal University,吉林,师范,319.7,33.1,25.2,4.3,38.2,155.9,28.4,0.8,8.9,13.2,11.7
50,1,哈尔滨工程大学,Harbin Engineering University,黑龙江,理工,319,29.3,19.8,3.8,36.9,166.4,24.8,13.6,5.1,7.3,12.1
51,2,西南交通大学,Southwest Jiaotong University,四川,理工,318,28.7,23.8,5.9,34.0,165.2,24.1,6.7,6.5,12.1,11.2
52,-5,南京农业大学,Nanjing Agricultural University,江苏,农业,316.1,29.2,26.9,4.2,38.5,134.9,30.7,3.2,13.3,19.7,15.6
53,30,郑州大学,Zhengzhou University,河南,综合,312.8,26.3,28.6,9.6,37.1,153.3,29.8,1.6,5.6,5.1,15.7
54,1,北京邮电大学,Beijing University of Posts and Telecommunications,北京,理工,312.5,30.8,17.7,4.9,35.8,165.5,18.3,3.0,8.0,15.6,12.8
55,-3,武汉理工大学,Wuhan University of Technology,湖北,理工,312.2,28.0,22.7,5.4,38.6,158.2,21.3,5.7,5.2,7.1,20.0
56,-7,中国海洋大学,Ocean University of China,山东,综合,311,30.3,24.9,5.2,39.8,136.6,28.0,2.6,12.0,18.1,13.5
57,-9,暨南大学,Jinan University,广东,综合,307.4,29.1,26.1,5.7,38.2,120.0,35.6,1.7,16.6,16.1,18.4
58,-1,中国石油大学（北京）,China University of Petroleum - Beijing,北京,理工,307.3,32.5,19.7,5.2,38.3,132.4,24.2,10.5,9.0,21.3,14.1
59,4,北京工业大学,Beijing University of Technology,北京,理工,306,30.0,21.9,6.1,39.6,151.7,20.5,8.1,8.2,8.2,11.7
60,-2,河海大学,Hohai University,江苏,理工,303.4,31.3,22.8,3.7,35.9,140.8,24.6,7.3,7.5,16.9,12.6
61,-1,中国矿业大学,China University of Mining and Technology - Xuzhou,江苏,理工,301.6,28.3,24.9,3.6,38.8,141.7,23.1,8.1,5.9,13.3,13.8
62,2,北京化工大学,Beijing University of Chemical Technology,北京,理工,296.7,28.2,16.1,4.6,36.6,147.1,21.8,5.1,11.7,7.9,17.6
63,7,中国地质大学（北京）,China University of Geosciences (Beijing),北京,理工,295.5,32.7,19.5,3.9,37.6,141.8,20.0,3.9,10.2,12.1,13.9
64,-3,西北大学,Northwest University,陕西,综合,293,25.6,23.1,3.6,38.0,148.9,25.0,1.1,8.5,7.2,12.0
65,-6,江南大学,Jiangnan University,江苏,综合,292.9,27.4,20.9,4.6,38.1,131.8,22.8,10.1,9.2,16.0,12.0
66,-4,上海科技大学,ShanghaiTech University,上海,综合,288.7,33.4,6.0,22.7,44.2,132.7,13.3,0.0,15.2,3.2,18.0
67,7,中国石油大学（华东）,China University of Petroleum (Huadong),山东,理工,287.4,27.6,20.9,5.4,35.6,147.0,17.1,7.3,5.0,8.7,13.0
68,-2,西南大学,Southwest University,重庆,综合,286.5,26.4,28.0,5.8,37.6,131.2,26.8,2.1,7.4,8.1,13.2
69,2,中国矿业大学（北京）,China University of Mining and Technology - Beijing,北京,理工,285.5,31.2,20.3,3.4,36.5,123.9,16.6,10.9,6.7,27.1,8.9
70,-5,深圳大学,Shenzhen University,广东,综合,280.4,25.5,22.7,10.4,37.4,107.8,32.1,3.9,11.1,6.8,22.6
71,8,陕西师范大学,Shaanxi Normal University,陕西,师范,280.1,33.2,21.8,4.3,37.8,131.0,23.1,0.5,8.0,7.4,13.2
72,0,江苏大学,Jiangsu University,江苏,综合,276.9,26.5,21.8,3.6,38.2,127.5,21.3,8.7,3.7,8.9,16.7
73,8,浙江工业大学,Zhejiang University of Technology,浙江,理工,275.6,27.6,19.3,3.0,29.5,142.5,22.8,5.5,5.7,5.8,13.9
74,3,北京林业大学,Beijing Forestry University,北京,林业,275,28.5,18.2,3.4,39.2,138.3,19.4,2.6,5.4,10.5,9.5
75,-8,华南师范大学,South China Normal University,广东,师范,274.7,27.4,23.4,6.6,37.3,124.6,20.3,3.7,9.2,9.5,12.9
76,-8,西北农林科技大学,Northwest A&F University,陕西,农业,273.7,27.9,17.9,5.3,40.0,130.2,24.6,1.6,7.0,5.6,13.5
77,-8,扬州大学,Yangzhou University,江苏,综合,269.5,25.9,22.8,4.1,36.3,125.1,19.6,3.6,5.1,11.7,15.2
78,9,南昌大学,Nanchang University,江西,综合,268.9,27.3,21.1,3.5,32.2,140.8,18.3,0.3,3.7,7.3,14.3
79,-3,福州大学,Fuzhou University,福建,理工,267.7,28.6,18.6,3.3,35.0,130.8,22.4,5.5,5.4,1.5,16.6
80,0,华北电力大学,North China Electric Power University,北京,理工,263.2,27.1,16.2,4.0,35.0,129.5,17.4,8.7,5.1,6.5,13.6
81,-8,东华大学,Donghua University,上海,理工,262.8,28.9,17.4,3.7,37.8,126.7,17.4,5.3,6.3,4.5,14.9
82,-4,合肥工业大学,Hefei University of Technology,安徽,理工,262.7,26.2,21.3,3.8,36.6,132.7,20.3,2.6,4.3,3.3,11.5
83,1,云南大学,Yunnan University,云南,综合,262.1,29.5,23.0,4.6,31.6,128.2,18.3,0.3,7.9,6.8,11.9
84,-9,宁波大学,Ningbo University,浙江,综合,261.4,27.7,15.4,4.7,37.4,132.7,18.6,1.4,4.6,5.6,13.3
85,0,首都师范大学,Capital Normal University,北京,师范,261.1,29.9,23.1,5.5,38.4,120.4,16.8,0.2,8.0,7.0,11.8
86,-1,湖南师范大学,Hunan Normal University,湖南,师范,259.6,27.9,20.6,3.0,35.2,126.2,19.8,0.3,7.6,7.3,11.7
87,-5,南京工业大学,Nanjing Tech University,江苏,理工,259.5,25.7,14.1,3.7,33.4,123.9,17.6,7.7,6.5,11.3,15.7
88,3,长安大学,Chang'an University,陕西,理工,250.2,28.1,12.7,4.1,39.8,125.7,16.4,10.3,2.0,1.2,9.8
89,13,福建师范大学,Fujian Normal University,福建,师范,248.2,27.0,22.0,3.5,30.6,126.3,15.9,1.0,5.8,5.0,11.2
90,0,安徽大学,Anhui University,安徽,综合,243.1,26.0,19.3,3.3,31.0,128.0,17.1,0.9,3.8,3.3,10.4
91,2,南京信息工程大学,Nanjing University of Information Science & Technology,江苏,理工,240.9,23.5,15.8,3.0,36.4,117.2,16.3,1.9,6.4,3.4,16.9
92,-3,上海理工大学,University of Shanghai for Science and Technology,上海,理工,240.7,28.7,15.7,3.4,33.3,125.3,13.5,6.8,2.5,1.4,10.1
93,-5,华南农业大学,South China Agricultural University,广东,农业,238.3,23.4,18.0,4.6,34.4,109.0,18.5,1.7,5.6,9.9,13.2
94,7,广西大学,Guangxi University,广西,综合,237,27.3,18.3,4.4,35.3,113.3,15.2,2.6,4.2,5.3,11.1
95,1,南京邮电大学,Nanjing University of Posts and Telecommunications,江苏,理工,235.7,25.5,12.6,2.2,34.8,121.0,15.6,2.7,2.9,4.6,13.8
95,-3,燕山大学,Yanshan University,河北,理工,235.7,26.7,15.5,2.7,33.8,125.8,14.2,1.7,3.2,4.0,8.1
97,0,河南大学,Henan University,河南,综合,234.6,24.6,22.6,3.5,33.7,109.0,19.2,2.1,3.9,4.0,12.0
98,-4,湖北大学,Hubei University,湖北,综合,232.9,23.7,14.4,2.8,35.5,120.3,12.1,5.6,3.1,3.5,11.9
99,1,广州大学,Guangzhou University,广东,综合,232.7,23.9,16.9,5.8,37.6,98.8,18.1,4.3,6.4,5.4,15.6
100,8,青岛大学,Qingdao University,山东,综合,231.4,25.2,20.4,2.6,33.4,111.3,16.6,1.1,4.3,2.7,13.8
101,2,湘潭大学,Xiangtan University,湖南,综合,229.9,,,,,,,,,,
102,-7,广东工业大学,Guangdong University of Technology,广东,理工,229.6,,,,,,,,,,
103,1,浙江师范大学,Zhejiang Normal University,浙江,师范,229.2,,,,,,,,,,
104,5,大连海事大学,Dalian Maritime University,辽宁,理工,228.4,,,,,,,,,,
105,-7,上海师范大学,Shanghai Normal University,上海,师范,227.3,,,,,,,,,,
106,-7,杭州电子科技大学,Hangzhou Dianzi University,浙江,理工,226.9,,,,,,,,,,
107,7,武汉科技大学,Wuhan University of Science and Technology,湖北,理工,226.6,,,,,,,,,,
108,7,南京林业大学,Nanjing Forestry University,江苏,林业,225.3,,,,,,,,,,
109,-3,河北工业大学,Hebei University of Technology,天津,理工,223.8,,,,,,,,,,
109,-4,山东师范大学,Shandong Normal University,山东,师范,223.8,,,,,,,,,,
111,0,浙江理工大学,Zhejiang Sci-Tech University,浙江,理工,221.8,,,,,,,,,,
112,4,山西大学,Shanxi University,山西,综合,221,,,,,,,,,,
113,-1,太原理工大学,Taiyuan University of Technology,山西,理工,219.8,,,,,,,,,,
114,3,东北林业大学,Northeast Forestry University - China,黑龙江,林业,218.9,,,,,,,,,,
115,-8,河北大学,Hebei University,河北,综合,217,,,,,,,,,,
116,-4,东北农业大学,Northeast Agricultural University - China,黑龙江,农业,216.3,,,,,,,,,,
117,8,江西师范大学,Jiangxi Normal University,江西,师范,215.5,,,,,,,,,,
117,15,西安建筑科技大学,Xi'an University of Architecture and Technology,陕西,理工,215.5,,,,,,,,,,
119,-10,杭州师范大学,Hangzhou Normal University,浙江,师范,215.2,,,,,,,,,,
120,3,内蒙古大学,Inner Mongolia University,内蒙古,综合,214.9,,,,,,,,,,
121,-1,福建农林大学,Fujian Agriculture and Forestry University,福建,农业,214,,,,,,,,,,
122,-1,江苏师范大学,Jiangsu Normal University,江苏,师范,213.4,,,,,,,,,,
123,5,西安理工大学,Xi'an University of Technology,陕西,理工,213.2,,,,,,,,,,
124,-5,辽宁大学,Liaoning University,辽宁,综合,212.6,,,,,,,,,,
125,-7,北京建筑大学,Beijing University of Civil Engineering and Architecture,北京,理工,210.8,,,,,,,,,,
126,10,安徽师范大学,Anhui Normal University,安徽,师范,210.5,,,,,,,,,,
127,16,河南师范大学,Henan Normal University,河南,师范,210.4,,,,,,,,,,
128,-2,长沙理工大学,Changsha University of Science and Technology,湖南,理工,209.5,,,,,,,,,,
129,-2,昆明理工大学,Kunming University of Science and Technology,云南,理工,206.7,,,,,,,,,,
129,24,新疆大学,Xinjiang University,新疆,综合,206.7,,,,,,,,,,
131,-7,汕头大学,Shantou University,广东,综合,206.4,,,,,,,,,,
132,1,西南石油大学,Southwest Petroleum University,四川,理工,206,,,,,,,,,,
133,16,山东科技大学,Shandong University of Science and Technology,山东,综合,204.5,,,,,,,,,,
134,21,河南农业大学,Henan Agricultural University,河南,农业,204.3,,,,,,,,,,
135,-1,贵州大学,Guizhou University,贵州,综合,201.7,,,,,,,,,,
136,-14,华侨大学,Huaqiao University,福建,综合,201.4,,,,,,,,,,
137,-2,河北师范大学,Hebei Normal University,河北,师范,201.1,,,,,,,,,,
138,-8,黑龙江大学,Heilongjiang University,黑龙江,综合,201,,,,,,,,,,
138,0,中国计量大学,China Jiliang University,浙江,理工,201,,,,,,,,,,
140,21,陕西科技大学,Shaanxi University of Science and Technology,陕西,理工,198.6,,,,,,,,,,
141,42,沈阳农业大学,Shenyang Agricultural University,辽宁,农业,196.8,,,,,,,,,,
142,3,天津师范大学,Tianjin Normal University,天津,师范,196.5,,,,,,,,,,
143,-13,湖北工业大学,Hubei University of Technology,湖北,理工,196.3,,,,,,,,,,
144,4,海南大学,Hainan University,海南,综合,196.2,,,,,,,,,,
145,-6,济南大学,University of Jinan,山东,综合,195.4,,,,,,,,,,
146,20,山东农业大学,Shandong Agricultural University,山东,农业,194.7,,,,,,,,,,
147,-18,常州大学,Changzhou University,江苏,理工,194.6,,,,,,,,,,
147,-3,温州大学,Wenzhou University,浙江,综合,194.6,,,,,,,,,,
149,-12,重庆邮电大学,Chongqing University of Posts and Telecommunications,重庆,理工,193.7,,,,,,,,,,
150,31,齐鲁工业大学,Qilu University of Technology,山东,理工,192.6,,,,,,,,,,
151,13,曲阜师范大学,Qufu Normal University,山东,师范,189.8,,,,,,,,,,
152,-1,武汉工程大学,Wuhan Institute of Technology,湖北,理工,188.6,,,,,,,,,,
153,7,湖南农业大学,Hunan Agricultural University,湖南,农业,187.9,,,,,,,,,,
154,-4,天津工业大学,Tiangong University,天津,理工,187.4,,,,,,,,,,
155,14,安徽农业大学,Anhui Agricultural University,安徽,农业,187,,,,,,,,,,
156,-14,江苏科技大学,Jiangsu University of Science and Technology,江苏,理工,186.8,,,,,,,,,,
157,2,浙江农林大学,Zhejiang A&F University,浙江,林业,186,,,,,,,,,,
158,4,北方工业大学,North China University of Technology,北京,理工,185.7,,,,,,,,,,
159,-8,广西师范大学,Guangxi Normal University,广西,师范,184.7,,,,,,,,,,
160,26,吉林农业大学,Jilin Agricultural University,吉林,农业,184.4,,,,,,,,,,
161,11,青岛科技大学,Qingdao University of Science and Technology,山东,理工,183.8,,,,,,,,,,
162,-21,四川农业大学,Sichuan Agricultural University,四川,农业,183.3,,,,,,,,,,
162,1,西北师范大学,Northwest Normal University China,甘肃,师范,183.3,,,,,,,,,,
164,-18,南通大学,Nantong University,江苏,综合,183.1,,,,,,,,,,
165,-1,石河子大学,Shihezi University,新疆,综合,182.8,,,,,,,,,,
166,-12,上海海洋大学,Shanghai Ocean University,上海,农业,182.5,,,,,,,,,,
167,-10,三峡大学,China Three Gorges University,湖北,综合,179.8,,,,,,,,,,
168,2,安徽工业大学,Anhui University of Technology,安徽,理工,178.6,,,,,,,,,,
169,38,河南理工大学,Henan Polytechnic University,河南,理工,177.7,,,,,,,,,,
170,14,宁夏大学,Ningxia University,宁夏,综合,176.4,,,,,,,,,,
171,20,西安科技大学,Xi'an University of Science and Technology,陕西,理工,175,,,,,,,,,,
172,-25,上海海事大学,Shanghai Maritime University,上海,理工,174.6,,,,,,,,,,
173,-17,成都理工大学,Chengdu University of Technology,四川,理工,174.2,,,,,,,,,,
174,32,南昌航空大学,Nanchang Hangkong University,江西,理工,173.7,,,,,,,,,,
175,1,长春理工大学,Changchun University of Science and Technology,吉林,理工,172.7,,,,,,,,,,
176,-36,辽宁师范大学,Liaoning Normal University,辽宁,师范,172.5,,,,,,,,,,
177,25,西南科技大学,Southwest University of Science and Technology,四川,理工,172.1,,,,,,,,,,
178,-3,河北农业大学,Hebei Agricultural University,河北,农业,171.9,,,,,,,,,,
179,1,中北大学,North University of China,山西,理工,171.7,,,,,,,,,,
180,68,青海大学,Qinghai University,青海,综合,171.6,,,,,,,,,,
181,62,集美大学,Jimei University,福建,综合,170.7,,,,,,,,,,
182,-3,武汉纺织大学,Wuhan Textile University,湖北,理工,170.4,,,,,,,,,,
183,-7,天津理工大学,Tianjin University of Technology,天津,理工,170.3,,,,,,,,,,
184,-13,四川师范大学,Sichuan Normal University,四川,师范,170.1,,,,,,,,,,
185,-18,云南师范大学,Yunnan Normal University,云南,师范,169.6,,,,,,,,,,
185,6,浙江海洋大学,Zhejiang Ocean University,浙江,农业,169.6,,,,,,,,,,
187,-2,天津科技大学,Tianjin University of Science and Technology,天津,理工,169.5,,,,,,,,,,
188,-15,湖南科技大学,Hunan University of Science and Technology,湖南,综合,169.4,,,,,,,,,,
189,-15,重庆交通大学,Chongqing Jiaotong University,重庆,理工,169.1,,,,,,,,,,
190,0,长江大学,Yangtze University,湖北,综合,168.4,,,,,,,,,,
191,21,兰州理工大学,Lanzhou University of Technology,甘肃,理工,168.1,,,,,,,,,,
191,59,山东理工大学,Shandong University of Technology,山东,理工,168.1,,,,,,,,,,
193,20,安徽理工大学,Anhui University of Science and Technology,安徽,理工,167,,,,,,,,,,
193,27,烟台大学,Yantai University,山东,综合,167,,,,,,,,,,
195,9,大连工业大学,Dalian Polytechnic University,辽宁,理工,165.9,,,,,,,,,,
196,0,哈尔滨理工大学,Harbin University of Science and Technology,黑龙江,理工,165.5,,,,,,,,,,
196,4,沈阳师范大学,Shenyang Normal University,辽宁,师范,165.5,,,,,,,,,,
198,0,延边大学,Yanbian University,吉林,综合,165.4,,,,,,,,,,
199,39,内蒙古农业大学,Inner Mongolia Agricultural University,内蒙古,农业,165.3,,,,,,,,,,
200,-22,河南科技大学,Henan University of Science and Technology,河南,综合,164.9,,,,,,,,,,
201,7,南华大学,University of South China,湖南,综合,164.1,,,,,,,,,,
202,-9,哈尔滨师范大学,Harbin Normal University,黑龙江,师范,164,,,,,,,,,,
203,-35,石家庄铁道大学,Shijiazhuang Tiedao University,河北,理工,163.5,,,,,,,,,,
204,-22,北京信息科技大学,Beijing Information Science & Technology University,北京,理工,163.4,,,,,,,,,,
205,-19,沈阳建筑大学,Shenyang Jianzhu University,辽宁,理工,162.5,,,,,,,,,,
206,39,青岛农业大学,Qingdao Agricultural University,山东,农业,162.4,,,,,,,,,,
207,-9,上海工程技术大学,Shanghai University of Engineering Science,上海,理工,161.7,,,,,,,,,,
208,-14,河南工业大学,Henan University of Technology,河南,理工,161.4,,,,,,,,,,
209,44,江西理工大学,Jiangxi University of Science and Technology,江西,理工,161.1,,,,,,,,,,
210,-8,中南林业科技大学,Central South University of Forestry & Technology,湖南,林业,160.8,,,,,,,,,,
211,16,北京农学院,Beijing University of Agriculture,北京,农业,160.7,,,,,,,,,,
212,-7,重庆师范大学,Chongqing Normal University,重庆,师范,160.6,,,,,,,,,,
213,7,江西农业大学,Jiangxi Agricultural University,江西,农业,160.5,,,,,,,,,,
213,21,兰州交通大学,Lanzhou Jiaotong University,甘肃,理工,160.5,,,,,,,,,,
215,10,西藏大学,Tibet University,西藏,综合,159.7,,,,,,,,,,
216,19,沈阳工业大学,Shenyang University of Technology,辽宁,理工,159.6,,,,,,,,,,
217,-20,华东交通大学,East China Jiaotong University,江西,理工,159.4,,,,,,,,,,
218,-24,沈阳航空航天大学,Shenyang Aerospace University,辽宁,理工,159.2,,,,,,,,,,
219,13,西安邮电大学,Xi'an University of Posts and Telecommunications,陕西,理工,158.9,,,,,,,,,,
220,20,东华理工大学,East China University of Technology,江西,理工,158.7,,,,,,,,,,
221,-5,东北电力大学,Northeast Electric Power University,吉林,理工,158.6,,,,,,,,,,
222,-33,上海电力大学,Shanghai University of Electric Power,上海,理工,157.9,,,,,,,,,,
223,9,鲁东大学,Ludong University,山东,综合,157.3,,,,,,,,,,
224,-66,国际关系学院,University of International Relations,北京,综合,157.2,,,,,,,,,,
225,-12,大连大学,Dalian University,辽宁,综合,156.9,,,,,,,,,,
226,-40,苏州科技大学,Suzhou University of Science and Technology,江苏,理工,156.4,,,,,,,,,,
227,-27,河北科技大学,Hebei University of Science and Technology,河北,理工,155.9,,,,,,,,,,
228,-18,渤海大学,Bohai University,辽宁,综合,155.8,,,,,,,,,,
229,-18,华北理工大学,North China University of Science and Technology,河北,综合,155.5,,,,,,,,,,
230,58,甘肃农业大学,Gansu Agricultural University,甘肃,农业,155.4,,,,,,,,,,
231,30,北京印刷学院,Beijing Institute of Graphic Communication,北京,理工,154.1,,,,,,,,,,
232,-23,重庆理工大学,Chongqing University of Technology,重庆,理工,153.3,,,,,,,,,,
232,25,西安石油大学,Xi'an Shiyou University,陕西,理工,153.3,,,,,,,,,,
234,-19,海南师范大学,Hainan Normal University,海南,师范,152.8,,,,,,,,,,
235,-4,上海应用技术大学,Shanghai Institute of Technology,上海,理工,151.6,,,,,,,,,,
236,-14,桂林电子科技大学,Guilin University of Electronic Technology,广西,理工,151.2,,,,,,,,,,
237,45,聊城大学,Liaocheng University,山东,综合,150.8,,,,,,,,,,
237,-13,郑州轻工业大学,Zhengzhou University of Light Industry,河南,理工,150.8,,,,,,,,,,
239,-14,武汉轻工大学,Wuhan Polytechnic University,湖北,理工,150,,,,,,,,,,
240,12,安徽建筑大学,Anhui jianzhu University,安徽,理工,149.9,,,,,,,,,,
240,-4,东北石油大学,Northeast Petroleum University,黑龙江,理工,149.9,,,,,,,,,,
242,-23,成都信息工程大学,Chengdu University of Information Technology,四川,理工,149.2,,,,,,,,,,
243,-20,东莞理工学院,Dongguan University of Technology,广东,理工,149,,,,,,,,,,
244,-26,大连交通大学,Dalian Jiaotong University,辽宁,理工,148.1,,,,,,,,,,
245,-6,山东建筑大学,Shandong Jianzhu University,山东,理工,147.5,,,,,,,,,,
246,1,西华师范大学,China West Normal University,四川,师范,147.4,,,,,,,,,,
247,11,西安工程大学,Xi'an Polytechnic University,陕西,理工,147.2,,,,,,,,,,
248,-2,贵州师范大学,Guizhou Normal University,贵州,师范,146.7,,,,,,,,,,
249,17,成都大学,Chengdu University,四川,综合,146.3,,,,,,,,,,
250,13,西安工业大学,Xi'an Technological University,陕西,理工,145.9,,,,,,,,,,
251,,浙大宁波理工学院,NingboTech University,浙江,理工,145.1,,,,,,,,,,
252,-24,佛山科学技术学院,Foshan University,广东,理工,144.6,,,,,,,,,,
253,38,山西农业大学,Shanxi Agricultural University,山西,农业,143.8,,,,,,,,,,
254,-3,青岛理工大学,Qingdao University of Technology,山东,理工,143.6,,,,,,,,,,
255,-14,华北水利水电大学,North China University of Water Resources and Electric Power,河南,理工,143.5,,,,,,,,,,
256,-27,厦门理工学院,Xiamen University of Technology,福建,理工,143.2,,,,,,,,,,
257,-28,北京电子科技学院,Beijing Electronic Science and Technology Institute,北京,理工,142.9,,,,,,,,,,
258,10,南京工程学院,Nanjing Institute of Technology,江苏,理工,142.7,,,,,,,,,,
259,4,北京联合大学,Beijing Union University,北京,综合,142.2,,,,,,,,,,
260,23,长春工业大学,Changchun University of Technology,吉林,理工,141.6,,,,,,,,,,
261,9,辽宁工程技术大学,Liaoning Technical University,辽宁,理工,141.3,,,,,,,,,,
262,3,湖州师范学院,Huzhou University,浙江,师范,141.1,,,,,,,,,,
263,-26,江汉大学,Jianghan University,湖北,综合,140.5,,,,,,,,,,
264,25,辽宁石油化工大学,Liaoning shihua University,辽宁,理工,140.2,,,,,,,,,,
265,77,青海师范大学,Qinghai Normal University,青海,师范,140.1,,,,,,,,,,
266,5,吉林师范大学,Jilin Normal University,吉林,师范,139.9,,,,,,,,,,
267,2,北京石油化工学院,Beijing Institute of Petrochemical Technology,北京,理工,139.7,,,,,,,,,,
267,13,内蒙古师范大学,Inner Mongolia Normal University,内蒙古,师范,139.7,,,,,,,,,,
269,-52,中国民航大学,Civil Aviation University of China,天津,理工,139.1,,,,,,,,,,
270,-21,辽宁工业大学,Liaoning University of Technology,辽宁,理工,138.7,,,,,,,,,,
271,-12,湖南工业大学,Hunan University of Technology,湖南,理工,138.6,,,,,,,,,,
272,44,延安大学,Yan'an University,陕西,综合,138.5,,,,,,,,,,
273,-18,西华大学,Xihua University,四川,综合,138.2,,,,,,,,,,
274,-32,桂林理工大学,Guilin University of Technology,广西,理工,138,,,,,,,,,,
275,1,河北工程大学,Hebei University of Engineering,河北,理工,137,,,,,,,,,,
275,-32,沈阳化工大学,Shenyang University of Chemical Technology,辽宁,理工,137,,,,,,,,,,
277,-4,绍兴文理学院,Shaoxing University,浙江,师范,136.8,,,,,,,,,,
278,9,安徽工程大学,Anhui Polytechnic University,安徽,理工,136.6,,,,,,,,,,
279,13,浙江科技学院,Zhejiang University of Science and Technology,浙江,理工,135.9,,,,,,,,,,
280,26,盐城工学院,Yancheng Institute of Technology,江苏,理工,135,,,,,,,,,,
281,18,盐城师范学院,Yancheng Teachers University,江苏,师范,134.8,,,,,,,,,,
282,-26,山西师范大学,Shanxi Normal University,山西,师范,134.5,,,,,,,,,,
283,11,赣南师范大学,GanNan Normal University,江西,师范,133.9,,,,,,,,,,
284,1,大连海洋大学,Dalian Ocean University,辽宁,农业,133.7,,,,,,,,,,
285,-25,内蒙古工业大学,Inner Mongolia University of Technology,内蒙古,理工,133.6,,,,,,,,,,
286,19,淮阴师范学院,Huaiyin Normal University,江苏,师范,133.3,,,,,,,,,,
287,-33,信阳师范学院,Xinyang Normal University,河南,师范,133.1,,,,,,,,,,
288,8,安庆师范大学,Anqing Normal University,安徽,师范,132.9,,,,,,,,,,
289,-14,合肥学院,Hefei University,安徽,理工,132.8,,,,,,,,,,
290,-9,云南农业大学,Yunnan Agricultural University,云南,农业,132.6,,,,,,,,,,
291,-15,辽宁科技大学,University of Science and Technology Liaoning,辽宁,理工,132.5,,,,,,,,,,
292,-18,南宁师范大学,Guangxi Teachers Education University,广西,师范,132.3,,,,,,,,,,
293,-15,沈阳理工大学,Shenyang Ligong University,辽宁,理工,132.2,,,,,,,,,,
294,24,内蒙古民族大学,Inner Mongolia University for Nationalities,内蒙古,综合,131.3,,,,,,,,,,
295,-33,新疆师范大学,Xinjiang Normal University,新疆,师范,131.2,,,,,,,,,,
296,-18,湖北师范大学,Hubei Normal University,湖北,师范,130.8,,,,,,,,,,
297,5,重庆科技学院,Chongqing University of Science and Technology,重庆,理工,130.6,,,,,,,,,,
297,25,淮阴工学院,Huaiyin Institute of Technology,江苏,理工,130.6,,,,,,,,,,
297,41,吉林建筑大学,Jilin Jianzhu University,吉林,理工,130.6,,,,,,,,,,
300,-14,中原工学院,Zhongyuan University of Technology,河南,理工,130.4,,,,,,,,,,
301,26,北华大学,Beihua University,吉林,综合,130.2,,,,,,,,,,
301,2,嘉兴学院,Jiaxing University,浙江,综合,130.2,,,,,,,,,,
303,34,临沂大学,Linyi University,山东,综合,129.8,,,,,,,,,,
304,-37,吉首大学,Jishou University,湖南,综合,129.7,,,,,,,,,,
305,-15,景德镇陶瓷大学,Jingdezhen Ceramic Institute,江西,理工,129.5,,,,,,,,,,
306,-11,广东技术师范大学,Guangdong Polytechnic Normal University,广东,师范,129.3,,,,,,,,,,
307,-7,淮北师范大学,Huaibei Normal University,安徽,师范,128.7,,,,,,,,,,
308,1,广东海洋大学,Guangdong Ocean University,广东,农业,128.6,,,,,,,,,,
309,22,长江师范学院,Yangtze Normal University,重庆,师范,128.4,,,,,,,,,,
309,-12,宁波工程学院,Ningbo University of Technology,浙江,理工,128.4,,,,,,,,,,
311,-39,上海海关学院,Shanghai Customs College,上海,综合,128,,,,,,,,,,
312,2,黑龙江八一农垦大学,Heilongjiang Bayi Agricultural University,黑龙江,农业,127.8,,,,,,,,,,
313,9,江西科技师范大学,Jiangxi Science and Technology Normal University,江西,师范,127,,,,,,,,,,
314,30,安阳师范学院,Anyang Normal University,河南,师范,125.9,,,,,,,,,,
314,-10,西南林业大学,Southwest Forestry University,云南,林业,125.9,,,,,,,,,,
316,-32,新疆农业大学,Xinjiang Agricultural University,新疆,农业,125.5,,,,,,,,,,
317,-9,常熟理工学院,Changshu Institute of Technology,江苏,综合,125.2,,,,,,,,,,
318,6,闽南师范大学,Minnan Normal University,福建,师范,124.9,,,,,,,,,,
318,-26,天津城建大学,Tianjin Chengjian University,天津,理工,124.9,,,,,,,,,,
320,-9,福建工程学院,Fujian University of Technology,福建,理工,124.7,,,,,,,,,,
321,-20,沈阳大学,Shenyang University,辽宁,综合,124.5,,,,,,,,,,
322,-15,五邑大学,Wuyi University,广东,综合,124.4,,,,,,,,,,
323,-9,内蒙古科技大学,Inner Mongolia University of Science & Technology,内蒙古,综合,124.2,,,,,,,,,,
324,-27,江苏理工学院,Jiangsu University of Technology,江苏,理工,123.5,,,,,,,,,,
325,-15,上海第二工业大学,Shanghai Second Polytechnic University,上海,理工,123.4,,,,,,,,,,
326,,浙大城市学院,Zhejiang University City College,浙江,理工,123,,,,,,,,,,
327,2,太原科技大学,Taiyuan University of Science and Technology,山西,理工,122.7,,,,,,,,,,
328,25,岭南师范学院,LingNan Normal University,广东,师范,122.6,,,,,,,,,,
329,-12,天津农学院,Tianjin Agricultural University,天津,农业,122.2,,,,,,,,,,
330,16,塔里木大学,Tarim University,新疆,综合,121.5,,,,,,,,,,
331,1,南京晓庄学院,Nanjing XiaoZhuang University,江苏,师范,121.3,,,,,,,,,,
332,-20,大理大学,Dali University,云南,综合,120.9,,,,,,,,,,
332,20,井冈山大学,Jinggangshan University,江西,综合,120.9,,,,,,,,,,
334,-13,湖南理工学院,Hunan Institute of Science and Technology,湖南,理工,120.8,,,,,,,,,,
334,-10,江苏海洋大学,Huaihai Institute of Technology,江苏,理工,120.8,,,,,,,,,,
336,-2,台州学院,Taizhou University,浙江,综合,120.6,,,,,,,,,,
337,-17,闽江学院,Minjiang University,福建,理工,120.4,,,,,,,,,,
338,31,黄冈师范学院,Huanggang Normal University,湖北,师范,120,,,,,,,,,,
339,-4,重庆文理学院,Chongqing University of Arts and Science,重庆,综合,119.9,,,,,,,,,,
339,4,浙江万里学院,Zhejiang Wanli University,浙江,理工,119.9,,,,,,,,,,
341,-1,齐齐哈尔大学,Qiqihar University,黑龙江,综合,119.7,,,,,,,,,,
341,-28,四川轻化工大学,Sichuan University of Science and Engineering,四川,理工,119.7,,,,,,,,,,
343,-13,南昌工程学院,Nanchang Institute of Technology,江西,理工,119.6,,,,,,,,,,
344,-26,天津职业技术师范大学,TianJin University of Technology and Education,天津,师范,119.4,,,,,,,,,,
345,14,上海电机学院,Shanghai Dianji University,上海,理工,119.1,,,,,,,,,,
346,-13,湖北科技学院,Hubei University of Science and Technology,湖北,综合,119,,,,,,,,,,
347,43,陕西理工大学,Shaanxi University of Technology,陕西,理工,118.8,,,,,,,,,,
348,57,内江师范学院,Neijiang Normal University,四川,师范,118.5,,,,,,,,,,
349,-3,合肥师范学院,Hefei Normal University,安徽,师范,118.4,,,,,,,,,,
350,27,阜阳师范大学,Fuyang Normal University,安徽,师范,116.6,,,,,,,,,,
351,9,南阳师范学院,Nanyang Normal University,河南,师范,116.4,,,,,,,,,,
352,3,贵州师范学院,Guizhou Normal College,贵州,师范,116.2,,,,,,,,,,
353,-7,徐州工程学院,Xuzhou Institute of Technology,江苏,理工,115.8,,,,,,,,,,
354,3,洛阳师范学院,Luoyang Normal University,河南,师范,115.4,,,,,,,,,,
354,-26,仲恺农业工程学院,Zhongkai University of Agriculture and Engineering,广东,农业,115.4,,,,,,,,,,
356,20,长春师范大学,Changchun Normal University,吉林,师范,115.2,,,,,,,,,,
357,-19,湖北文理学院,Hubei University of Arts and Science,湖北,综合,114.8,,,,,,,,,,
358,39,宝鸡文理学院,Baoji University of Arts and Sciences,陕西,师范,114.5,,,,,,,,,,
359,41,安徽科技学院,Anhui Science and Technology University,安徽,师范,114.2,,,,,,,,,,
360,-14,长沙学院,Changsha University,湖南,理工,114,,,,,,,,,,
361,7,衡阳师范学院,Hengyang Normal University,湖南,师范,113.8,,,,,,,,,,
362,,无锡学院,"Nanjing University of Information Science and Technology, Binjiang College",江苏,综合,113.3,,,,,,,,,,
363,98,滨州学院,Binzhou University,山东,师范,113.1,,,,,,,,,,
364,-9,长春大学,Changchun University,吉林,综合,112.8,,,,,,,,,,
365,-39,黑龙江科技大学,Heilongjiang University of Science and Technology,黑龙江,理工,112.6,,,,,,,,,,
365,31,泉州师范学院,Quanzhou Normal University,福建,师范,112.6,,,,,,,,,,
367,-26,河北科技师范学院,Hebei Normal University of Science and Technology,河北,师范,112,,,,,,,,,,
368,-14,广西科技大学,Guangxi University of Science and Technology,广西,理工,111.8,,,,,,,,,,
369,-24,江苏第二师范学院,Jiangsu Second Normal University,江苏,师范,111.5,,,,,,,,,,
370,-8,西藏农牧学院,Tibet Agriculture and Animal Husbandry University,西藏,农业,111.1,,,,,,,,,,
371,32,贵州理工学院,Guizhou Institute of Technology,贵州,理工,111,,,,,,,,,,
371,130,咸阳师范学院,Xianyang Normal University,陕西,师范,111,,,,,,,,,,
373,19,九江学院,Jiujiang University,江西,综合,110.8,,,,,,,,,,
374,18,绵阳师范学院,Mianyang Teachers' College,四川,师范,110.6,,,,,,,,,,
375,-8,湖北汽车工业学院,Hubei University of Automotive Technology,湖北,理工,110.5,,,,,,,,,,
376,-25,常州工学院,Changzhou Institute of Technology,江苏,理工,109.7,,,,,,,,,,
377,-41,金陵科技学院,Jinling Institute of Technology,江苏,综合,109.6,,,,,,,,,,
378,9,黑龙江工程学院,Heilongjiang Institute of Technology,黑龙江,理工,109.4,,,,,,,,,,
378,-1,乐山师范学院,Leshan Normal University,四川,师范,109.4,,,,,,,,,,
380,61,潍坊学院,Weifang University,山东,综合,109.2,,,,,,,,,,
381,-23,佳木斯大学,Jiamusi University,黑龙江,综合,108.8,,,,,,,,,,
382,10,唐山师范学院,Tangshan Normal University,河北,师范,108.5,,,,,,,,,,
383,55,山东交通学院,Shandong Jiaotong University,山东,理工,108.4,,,,,,,,,,
384,-18,广东石油化工学院,Guangdong University of Petrochemical Technology,广东,综合,107.6,,,,,,,,,,
384,-23,河北建筑工程学院,Hebei University of Architecture,河北,理工,107.6,,,,,,,,,,
386,-5,湖北工程学院,Hubei Engineering University,湖北,综合,107.4,,,,,,,,,,
387,-24,惠州学院,Huizhou University,广东,综合,107.3,,,,,,,,,,
388,-2,成都工业学院,Chengdu Technological University,四川,理工,107.1,,,,,,,,,,
388,-19,丽水学院,Lishui University,浙江,师范,107.1,,,,,,,,,,
390,52,黄淮学院,Huanghuai University,河南,师范,106.8,,,,,,,,,,
391,14,许昌学院,Xuchang University,河南,理工,106.7,,,,,,,,,,
392,-28,北华航天工业学院,North China Institute of Aerospace Engineering,河北,理工,106.6,,,,,,,,,,
393,-43,湖北第二师范学院,Hubei University of Education,湖北,师范,106.5,,,,,,,,,,
394,-22,湖南第一师范学院,Hunan First Normal University,湖南,师范,106.2,,,,,,,,,,
395,6,湖南文理学院,Hunan University of Arts and Science,湖南,综合,105.9,,,,,,,,,,
396,26,周口师范学院,Zhoukou Normal University,河南,师范,105.7,,,,,,,,,,
397,53,成都师范学院,Chengdu Normal University,四川,师范,105.5,,,,,,,,,,
397,-22,重庆三峡学院,Chongqing Three Gorges University,重庆,综合,105.5,,,,,,,,,,
397,-13,铜仁学院,Tongren University,贵州,综合,105.5,,,,,,,,,,
400,37,遵义师范学院,Zunyi Normal University,贵州,师范,105.4,,,,,,,,,,
401,45,上饶师范学院,Shangrao Normal University,江西,师范,105,,,,,,,,,,
402,8,商丘师范学院,Shangqiu Normal University,河南,师范,104.8,,,,,,,,,,
403,10,宜春学院,Yichun University,江西,综合,104.7,,,,,,,,,,
403,13,浙江水利水电学院,Zhejiang University of Water Resources and Electric Power,浙江,理工,104.7,,,,,,,,,,
405,2,滁州学院,Chuzhou University,安徽,师范,104.6,,,,,,,,,,
406,13,吉林化工学院,Jilin Institute of Chemical Technology,吉林,理工,104.4,,,,,,,,,,
407,26,德州学院,Dezhou University,山东,综合,104.1,,,,,,,,,,
408,-34,肇庆学院,Zhaoqing University,广东,综合,104,,,,,,,,,,
409,71,泰山学院,Taishan University,山东,综合,103.5,,,,,,,,,,
410,-45,广东第二师范学院,Guangdong University of Education,广东,师范,103.2,,,,,,,,,,
411,-27,沈阳工程学院,Shenyang Institute of Engineering,辽宁,理工,102.7,,,,,,,,,,
412,99,榆林学院,Yulin University,陕西,师范,102.3,,,,,,,,,,
413,27,长春工程学院,Changchun Institute of Technology,吉林,理工,102.2,,,,,,,,,,
414,-43,洛阳理工学院,Luoyang Institute of Science and Technology,河南,综合,102,,,,,,,,,,
415,-12,韩山师范学院,Hanshan Normal University,广东,师范,101.3,,,,,,,,,,
416,,河北科技工程职业技术大学,North China Electric Power University Science and Technology College,河北,理工,101.2,,,,,,,,,,
416,104,天水师范学院,Tianshui Normal University,甘肃,师范,101.2,,,,,,,,,,
418,-46,北部湾大学,Beibu Gulf University,广西,综合,101.1,,,,,,,,,,
418,64,西安文理学院,Xi'an University,陕西,师范,101.1,,,,,,,,,,
420,76,齐鲁师范学院,Qilu Normal University,山东,师范,100.9,,,,,,,,,,
420,34,皖西学院,West AnHui University,安徽,师范,100.9,,,,,,,,,,
422,22,哈尔滨学院,Harbin University,黑龙江,综合,100.6,,,,,,,,,,
423,-10,湖南城市学院,Hunan City University,湖南,综合,100.3,,,,,,,,,,
423,61,通化师范学院,Tonghua Normal University,吉林,师范,100.3,,,,,,,,,,
425,-38,防灾科技学院,Institute of Disaster Prevention,河北,理工,100,,,,,,,,,,
426,10,宜宾学院,Yibin University,四川,综合,99.9,,,,,,,,,,
427,,河北工业职业技术大学,Polytechnic College of Hebei University of Science and Technology,河北,理工,99.5,,,,,,,,,,
428,83,兰州城市学院,Lanzhou City University,甘肃,综合,99.4,,,,,,,,,,
429,-46,河南科技学院,Henan Institute of Science and Technology,河南,师范,99.2,,,,,,,,,,
430,38,宁夏师范学院,Ningxia Normal University,宁夏,师范,99,,,,,,,,,,
430,-43,曲靖师范学院,Qujing Normal University,云南,师范,99,,,,,,,,,,
432,61,渭南师范学院,Weinan Normal University,陕西,师范,98.9,,,,,,,,,,
433,-43,玉林师范学院,Yulin Normal University,广西,师范,98.8,,,,,,,,,,
434,,南京特殊教育师范学院,Nanjing Normal University of Special Education,江苏,师范,98.4,,,,,,,,,,
435,-40,华北科技学院,North China Institute of Science and Technology,河北,理工,98.2,,,,,,,,,,
436,2,唐山学院,Tangshan College,河北,理工,98,,,,,,,,,,
437,-26,韶关学院,Shaoguan University,广东,综合,97.9,,,,,,,,,,
438,76,河西学院,HeXi University,甘肃,综合,97.6,,,,,,,,,,
438,21,黄山学院,Huangshan University,安徽,师范,97.6,,,,,,,,,,
440,-59,中国民用航空飞行学院,Civil Aviation Flight University of China,四川,理工,97.3,,,,,,,,,,
441,-39,湖南工程学院,Hunan Institute of Engineering,湖南,理工,97.2,,,,,,,,,,
442,-12,三明学院,Sanming University,福建,综合,96.8,,,,,,,,,,
443,-27,泰州学院,Taizhou University,江苏,师范,96.7,,,,,,,,,,
444,-65,湖北理工学院,Hubei Polytechnic University,湖北,理工,96.5,,,,,,,,,,
444,-64,石家庄学院,Shijiazhuang University,河北,师范,96.5,,,,,,,,,,
446,-37,莆田学院,Putian University,福建,综合,96.3,,,,,,,,,,
447,-28,龙岩学院,Longyan University,福建,综合,96.2,,,,,,,,,,
448,15,内蒙古科技大学包头师范学院,Baotou Teachers' College,内蒙古,综合,96.1,,,,,,,,,,
449,-17,安顺学院,Anshun University,贵州,综合,95.8,,,,,,,,,,
449,20,南昌师范学院,Nanchang Normal University,江西,师范,95.8,,,,,,,,,,
451,8,四川文理学院,Sichuan University of Arts and Science,四川,综合,95.5,,,,,,,,,,
452,-25,廊坊师范学院,Langfang Teachers University,河北,师范,95.2,,,,,,,,,,
452,-25,玉溪师范学院,Yuxi Normal University,云南,师范,95.2,,,,,,,,,,
454,-20,河南城建学院,Henan University of Urban Construction,河南,理工,95.1,,,,,,,,,,
455,-57,重庆第二师范学院,Chongqing University of Education,重庆,师范,95,,,,,,,,,,
456,16,西昌学院,Xichang College,四川,综合,94.9,,,,,,,,,,
457,-49,凯里学院,Kaili University,贵州,综合,94.8,,,,,,,,,,
457,-23,牡丹江师范学院,Mudanjiang Normal University,黑龙江,师范,94.8,,,,,,,,,,
459,-5,四川旅游学院,Sichuan Tourism University,四川,综合,94.6,,,,,,,,,,
460,-62,郑州师范学院,Zhengzhou Normal University,河南,师范,94.4,,,,,,,,,,
461,27,大庆师范学院,Daqing Normal University,黑龙江,综合,94.3,,,,,,,,,,
461,-49,攀枝花学院,Panzhihua University,四川,综合,94.3,,,,,,,,,,
463,-40,昆明学院,Kunming University,云南,综合,94.2,,,,,,,,,,
464,-49,衢州学院,Quzhou University,浙江,理工,94.1,,,,,,,,,,
465,35,白城师范学院,Baicheng Normal University,吉林,师范,93.6,,,,,,,,,,
465,2,吉林工程技术师范学院,Jilin Engineering Normal University,吉林,师范,93.6,,,,,,,,,,
467,12,淮南师范学院,Huainan Normal University,安徽,师范,93.5,,,,,,,,,,
467,,湖州学院,Huzhou University Qiuzhen College,浙江,师范,93.5,,,,,,,,,,
467,-24,嘉应学院,Jiaying University,广东,综合,93.5,,,,,,,,,,
467,-42,南阳理工学院,Nanyang Institute of Technology,河南,理工,93.5,,,,,,,,,,
467,-40,营口理工学院,YingKou Institute of Technology,辽宁,理工,93.5,,,,,,,,,,
472,45,商洛学院,Shangluo University,陕西,综合,93.4,,,,,,,,,,
473,60,陇东学院,Long Dong University,甘肃,师范,92.4,,,,,,,,,,
474,-44,保定学院,Baoding University,河北,师范,92.3,,,,,,,,,,
474,,苏州城市学院,Wenzheng College of Soochow University,江苏,综合,92.3,,,,,,,,,,
476,54,安康学院,Ankang University,陕西,综合,92.2,,,,,,,,,,
477,-23,湖南科技学院,Hunan University of Science and Engineering,湖南,综合,91.7,,,,,,,,,,
477,81,山东管理学院,Shandong Management University,山东,综合,91.7,,,,,,,,,,
479,-61,贵阳学院,Guiyang University,贵州,综合,91.5,,,,,,,,,,
480,-32,辽宁科技学院,Liaoning Institute of Science and Technology,辽宁,理工,91.4,,,,,,,,,,
481,-36,武夷学院,Wuyi University,福建,综合,91.3,,,,,,,,,,
482,-58,鞍山师范学院,Anshan Normal University Liaoning China,辽宁,师范,91.2,,,,,,,,,,
483,9,湘南学院,Xiangnan University,湖南,理工,91.1,,,,,,,,,,
484,-7,六盘水师范学院,Liupanshui Normal University,贵州,师范,90.9,,,,,,,,,,
485,17,河南牧业经济学院,Henan University of Animal Husbandry and Economy,河南,农业,90.7,,,,,,,,,,
485,1,平顶山学院,Pingdingshan University,河南,师范,90.7,,,,,,,,,,
487,11,贺州学院,Hezhou University,广西,综合,90.6,,,,,,,,,,
487,50,兰州工业学院,Lanzhou Institute of Technology,甘肃,理工,90.6,,,,,,,,,,
489,-25,宁德师范学院,Ningde Normal University,福建,师范,90.5,,,,,,,,,,
490,-12,池州学院,Chizhou University,安徽,师范,90.4,,,,,,,,,,
491,-30,黔南民族师范学院,Qiannan Normal College for Nationalities,贵州,师范,90.2,,,,,,,,,,
491,-72,太原师范学院,Taiyuan Normal University,山西,师范,90.2,,,,,,,,,,
493,-5,宿州学院,Suzhou University,安徽,师范,90.1,,,,,,,,,,
494,,山东石油化工学院,"Shengli College, China University of Petroleum",山东,理工,89.8,,,,,,,,,,
495,-26,海南热带海洋学院,Hainan Tropical Ocean University,海南,综合,89.7,,,,,,,,,,
496,3,黑河学院,Heihe University,黑龙江,综合,89.4,,,,,,,,,,
496,26,吉林农业科技学院,Jilin Agricultural Science and Technology University,吉林,农业,89.4,,,,,,,,,,
496,-48,辽东学院,Eastern Liaoning University,辽宁,综合,89.4,,,,,,,,,,
496,-70,山西大同大学,Shanxi Datong University,山西,综合,89.4,,,,,,,,,,
496,68,西安航空学院,Xi'an Aeronautical University,陕西,理工,89.4,,,,,,,,,,
501,39,陕西学前师范学院,Shaanxi Xueqian Normal University,陕西,师范,89.3,,,,,,,,,,
501,7,四川民族学院,Sichuan University for Nationalities,四川,师范,89.3,,,,,,,,,,
503,60,山东农业工程学院,Shandong Agriculture and Engineering University,山东,综合,88.8,,,,,,,,,,
504,-14,蚌埠学院,Bengbu University,安徽,理工,88.3,,,,,,,,,,
505,-2,怀化学院,Huaihua University,湖南,综合,87.9,,,,,,,,,,
506,13,新余学院,Xinyu University,江西,综合,87.8,,,,,,,,,,
507,-22,邵阳学院,Shaoyang University,湖南,理工,87.7,,,,,,,,,,
508,-43,楚雄师范学院,Chuxiong Normal University,云南,师范,87.4,,,,,,,,,,
508,-15,河南工程学院,Henan University of Engineering,河南,理工,87.4,,,,,,,,,,
510,28,济宁学院,Jining University,山东,师范,87.3,,,,,,,,,,
511,-16,喀什大学,Kashi University,新疆,师范,87.2,,,,,,,,,,
512,44,兰州文理学院,Lanzhou University of Arts and Science,甘肃,综合,86.9,,,,,,,,,,
513,-56,赤峰学院,Chifeng University,内蒙古,综合,86.8,,,,,,,,,,
513,33,汉江师范学院,Hanjiang Normal University,湖北,师范,86.8,,,,,,,,,,
515,-42,伊犁师范大学,Yili Normal University,新疆,师范,86.7,,,,,,,,,,
516,-41,贵州工程应用技术学院,Guizhou University of Engineering Science,贵州,师范,86.5,,,,,,,,,,
517,-67,邢台学院,Xingtai University,河北,师范,86.4,,,,,,,,,,
518,-66,邯郸学院,Handan College,河北,师范,86.2,,,,,,,,,,
518,-27,衡水学院,Hengshui University,河北,师范,86.2,,,,,,,,,,
520,8,晋中学院,Jinzhong University,山西,师范,86.1,,,,,,,,,,
521,-38,梧州学院,Wuzhou University,广西,综合,86,,,,,,,,,,
522,25,菏泽学院,Heze University,山东,综合,85.8,,,,,,,,,,
522,-65,红河学院,Honghe University,云南,综合,85.8,,,,,,,,,,
524,38,甘肃民族师范学院,Gansu Normal University for Nationalities,甘肃,师范,85.7,,,,,,,,,,
525,-72,呼伦贝尔学院,Hulunbuir University,内蒙古,综合,85.6,,,,,,,,,,
526,14,山东女子学院,Shandong Women's University,山东,综合,85.4,,,,,,,,,,
527,-9,湖南人文科技学院,"Hunan University of Humanities, Science and Technology",湖南,师范,84.8,,,,,,,,,,
528,-48,广州航海学院,Guangzhou Maritime University,广东,理工,84.6,,,,,,,,,,
528,-82,新乡学院,Xinxiang University,河南,理工,84.6,,,,,,,,,,
530,-20,百色学院,Baise University,广西,综合,84.2,,,,,,,,,,
531,-56,沧州师范学院,Cangzhou Normal University,河北,师范,83.9,,,,,,,,,,
532,2,景德镇学院,Jingdezhen University,江西,综合,83.6,,,,,,,,,,
533,21,福建技术师范学院,Fujian Polytechnic Normal University,福建,师范,83.4,,,,,,,,,,
533,,赣南科技学院,"College of Applied Science, Jiangxi University of Science and Technology",江西,理工,83.4,,,,,,,,,,
533,-60,广西民族师范学院,Guangxi Normal University for Nationalities,广西,师范,83.4,,,,,,,,,,
533,-46,荆楚理工学院,Jingchu University of Technology,湖北,理工,83.4,,,,,,,,,,
537,-32,安阳工学院,Anyang Institute of Technology,河南,理工,83.2,,,,,,,,,,
538,,阿坝师范学院,Aba Teachers University,四川,师范,82.8,,,,,,,,,,
538,-72,信阳农林学院,Xinyang Agriculture and Forestry University,河南,农业,82.8,,,,,,,,,,
540,-44,巢湖学院,Chaohu University,安徽,师范,82.6,,,,,,,,,,
541,-72,河北民族师范学院,Hebei Normal University for Nationalities,河北,师范,82.5,,,,,,,,,,
542,-35,桂林航天工业学院,Guilin University of Aerospace Technology,广西,理工,82.3,,,,,,,,,,
543,14,长治学院,Changzhi University,山西,师范,82.2,,,,,,,,,,
544,-39,河池学院,Hechi University,广西,综合,81,,,,,,,,,,
545,-19,河北环境工程学院,Hebei University of Environmental Engineering,河北,综合,80.9,,,,,,,,,,
546,-43,张家口学院,Zhangjiakou University,河北,综合,80.7,,,,,,,,,,
547,-38,湖南工学院,Hunan Institute of Technology,湖南,理工,80.6,,,,,,,,,,
548,-4,河南工学院,Henan Institute of Technology,河南,理工,80.5,,,,,,,,,,
549,-36,兴义民族师范学院,Xingyi Normal University for Nationalities,贵州,师范,80,,,,,,,,,,
550,-22,绥化学院,Suihua University,黑龙江,综合,79.8,,,,,,,,,,
551,,温州理工学院,Wenzhou University Oujiang College,浙江,师范,79.2,,,,,,,,,,
552,-37,保山学院,Baoshan University,云南,师范,79,,,,,,,,,,
553,-26,山东青年政治学院,Shandong Youth University of Political Science,山东,综合,78.9,,,,,,,,,,
554,-18,长沙师范学院,Changsha Normal University,湖南,师范,78.8,,,,,,,,,,
555,-32,枣庄学院,Zaozhuang University,山东,综合,78.1,,,,,,,,,,
555,-31,郑州工程技术学院,Zhengzhou Institute of Technology,河南,理工,78.1,,,,,,,,,,
557,-25,运城学院,Yuncheng University,山西,师范,77.9,,,,,,,,,,
558,-28,文山学院,Wenshan University,云南,师范,76.9,,,,,,,,,,
559,0,吕梁学院,Luliang University,山西,师范,76.3,,,,,,,,,,
560,-12,新疆工程学院,Xinjiang Institute of Engineering,新疆,理工,75.5,,,,,,,,,,
561,-37,普洱学院,Puer University,云南,师范,75.1,,,,,,,,,,
562,-12,萍乡学院,Pingxiang University,江西,综合,73.2,,,,,,,,,,
563,-4,集宁师范学院,Jining Normal University,内蒙古,师范,72.6,,,,,,,,,,
564,-29,滇西科技师范学院,West Yunnan University,云南,师范,72.2,,,,,,,,,,
565,-49,太原工业学院,Taiyuan Institute of Technology,山西,理工,71.8,,,,,,,,,,
566,-21,新疆理工学院,Xinjiang Institute of Technology,新疆,综合,71.7,,,,,,,,,,
567,,广西科技师范学院,Guangxi Science and Technology Normal University,广西,师范,71.5,,,,,,,,,,
568,-25,昭通学院,Zhaotong University,云南,师范,71.2,,,,,,,,,,
569,-48,忻州师范学院,Xinzhou Teachers University,山西,师范,71.1,,,,,,,,,,
570,,河北石油职业技术大学,Hebei University of Technology City College,河北,理工,70.7,,,,,,,,,,
571,-22,昌吉学院,Changji University,新疆,师范,70.1,,,,,,,,,,
572,-33,琼台师范学院,Qiongtai Normal University,海南,师范,69.8,,,,,,,,,,
573,-23,鄂尔多斯应用技术学院,Ordos Institute of Technology,内蒙古,综合,69.3,,,,,,,,,,
574,-19,黑龙江工业学院,Heilongjiang University of Technology,黑龙江,理工,68.2,,,,,,,,,,
575,,新疆政法学院,College of Science & Technology Shihezi University,新疆,综合,66.9,,,,,,,,,,
576,-26,山西能源学院,Shanxi Institute of Energy,山西,综合,64.9,,,,,,,,,,
577,,赣东学院,"East China Institute of Technology, Yangtze River College",江西,理工,64.2,,,,,,,,,,
578,-25,河套学院,Hetao University,内蒙古,综合,64.1,,,,,,,,,,
579,-13,亳州学院,Bozhou University,安徽,师范,63.6,,,,,,,,,,
580,-38,豫章师范学院,Yuzhang Normal University,江西,师范,62.1,,,,,,,,,,
581,-20,山西工程技术学院,Shanxi Institute of Technology,山西,理工,61.9,,,,,,,,,,
582,-17,太原学院,Taiyuan University,山西,理工,58.2,,,,,,,,,,
